First Name,Last Name,Birthdate
Alice,Smith,05-12-1998
Bob,Johnson,23-07-1997
Charlie,Williams,10-04-1996
David,Jones,15-02-1995
Eva,Brown,08-09-1999
Frank,Davis,21-01-2000
Grace,Miller,30-11-1996
Henry,Wilson,22-06-1995
Ivy,Moore,04-10-1998
Jack,Taylor,27-12-1997
Kathy,Anderson,18-03-1996
Leo,Thomas,09-03-1994
Mia,Jackson,16-07-1998
Nathan,White,14-10-1997
Olivia,Martin,25-05-1999
Paul,Lee,08-08-1995
Quinn,Walker,12-12-1996
Riley,Harris,19-04-1997
Sophie,Young,26-06-1995
Tom,King,21-01-1996
Uma,Scott,09-09-1998
Victor,Green,03-04-1997
Wendy,Adams,20-07-1995
Xander,Mitchell,11-05-1998
Yara,Baker,02-11-1996
Zachary,Carter,30-08-1997
Amy,Collins,25-03-1999
Brian,Perkins,17-10-1995
Chloe,Turner,12-03-1998
Daniel,Evans,14-06-1997
Ella,Cooper,21-08-1996
Felix,Gray,11-05-1999
Gina,James,23-02-1995
Hank,Bennett,09-12-1998
Iris,Reed,19-04-1997
Jason,Watson,26-07-1995
Kim,Price,12-09-1996
Liam,Wood,17-06-1998
Megan,James,03-11-1997
Noah,Richardson,10-04-1995
Olive,Morris,29-05-1999
Pauline,Kelly,22-01-1996
Quincy,Hall,16-07-1997
Rita,Scott,28-08-1995
Sam,Young,09-10-1998
Tina,King,14-04-1996
Ulysses,Green,27-12-1997
Vera,Garcia,06-05-1998
Walter,Evans,11-11-1995
Xena,Harris,30-07-1999
Yasmine,Allen,12-09-1997
Zane,Mitchell,15-03-1996
Alice,Martin,19-09-1997
Bobby,White,07-03-1998
Claire,Davis,21-01-1995
Daniela,Jackson,10-07-1996
Eric,Brown,11-12-1997
Fiona,Williams,19-05-1998
George,Adams,09-03-1996
Hannah,Wilson,12-08-1997
Isaac,Moore,16-06-1998
Jill,Miller,14-04-1995
Kyle,Lee,21-07-1999
Laura,Anderson,11-09-1996
Mike,Turner,25-05-1997
Nina,James,12-02-1995
Oscar,Scott,03-10-1998
Penny,Green,19-07-1996
Quincy,Mitchell,08-03-1997
Ryan,Bennett,29-09-1995
Samantha,Harris,01-12-1998
Thomas,Watson,21-05-1999
Ursula,Reed,06-11-1997
Victor,Martin,15-10-1995
Wendy,Carter,12-09-1998
Xander,Jackson,23-03-1996
Yara,Morris,07-04-1997
Zachary,Kelly,11-12-1998
Amelia,Young,20-01-1995
Benjamin,King,29-06-1999
Cynthia,Garcia,04-03-1997
Derek,Scott,17-11-1998
Ella,Adams,23-12-1995
Felix,Baker,08-09-1996
Gina,Wood,30-09-1997
Hank,Perkins,12-07-1998
Iris,Mitchell,14-03-1995
James,Lee,21-06-1999
Kara,Collins,11-03-1998
Liam,Gray,19-08-1997
Megan,Turner,05-12-1996
Noah,James,25-10-1998
Olive,Hall,29-07-1999
Pauline,Cooper,15-12-1995
Quincy,Wood,06-08-1997
Rita,Mitchell,22-03-1998
Sandy,Young,17-10-1999
Timothy,Bennett,05-09-1996
Ulysses,King,09-03-1997
Vera,Turner,21-11-1998
Walter,Mitchell,08-05-1995
Xena,Davis,02-12-1997
Yasmine,Martin,29-12-1996
Zane,Green,14-07-1999
Alice,Perkins,10-07-1995
Bobby,Gray,08-12-1996
Claire,Moore,18-04-1997
Daniela,Harris,25-09-1998
Eric,Williams,03-04-1995
Fiona,Young,16-11-1996
George,Jones,21-01-1999
Hannah,Wilson,12-03-1997
Isaac,Smith,07-10-1995
Jill,Adams,28-08-1999
Kyle,Green,11-12-1996
Laura,Watson,16-05-1997
Mike,Turner,09-04-1998
Nina,Bennett,21-12-1995
Oscar,Cooper,19-07-1996
Penny,Moore,25-10-1997
Quincy,Johnson,30-06-1998
Ryan,Scott,03-12-1999
Samantha,Jackson,11-09-1995
Thomas,Mitchell,04-04-1997
Ursula,Young,17-09-1998
Victor,Adams,30-01-1999
Wendy,Smith,06-12-1995
Xander,Perkins,23-12-1997
Yara,Davis,14-08-1996
Zachary,Garcia,11-03-1998
